Filename,Author,FileSizeKB,LastModified,WordCount
vsphere-esxi-vcenter-server-80U3-performance-best-practices.pdf,"VMware, Inc.",531.35,1728970714.5309918,43186
vsphere8-virtual-topology-perf.pdf,VMware,1564.33,1728974214.2410853,5405
vsphere7x-roce-sriov-setup-perf.pdf,Yuankun Fu,1691.05,1728974232.662499,6860
vmware-private-ai-foundation-privacy-security.pdf,"Frank Denneman, Chris McCain,",3434.18,1728970733.0431094,12291
drs-vsphere7-perf.pdf,VMware,1365.99,1728974126.868137,4591
vsphere-esxi-vcenter-server-80U2-performance-best-practices.pdf,"VMware, Inc.",772.51,1728970738.4891162,44062
vcf-52-private-ai-foundation-nvidia.pdf,"VMware, Inc.",1027.45,1728974394.2069707,24650
pvrdma-hpc-setup-perf.pdf,VMware,1109.8,1728974174.1661403,2615
secure-nsxt-multi-tenant-hpc-ml-perf.pdf,VMware by Broadcom,3611.14,1728970682.4733536,4190
vcf-private-ai-ready-infrastructure-v1.pdf,"VMware, Inc.",1784.19,1728974527.8436995,31903
vsphere-nvaie-llm-perf.pdf,"Uday Kurkure, Lan Vu, Hari Sivaraman,",429.76,1728970751.801201,2355
vmware-private-ai-foundation-with-nvidia-52x-release-notes.pdf,"VMware, Inc.",266.21,1728974433.7783465,831
drs-cluster-mgmt-perf.pdf,VMware,645.11,1728970985.1851914,4609
vsphere7x-infiniband-sriov-setup-perf.pdf,Yuankun Fu,1378.77,1728974239.8706088,7098
infiniband-config-vsphere8-perf-final.pdf,"Yuankun Fu, Broadcom",1617.88,1728970709.100467,3102
vsphere70u2-cpu-sched-amd-epyc.pdf,VMware,1302.11,1728974156.075635,8356
vgpu-vs-mig-perf.pdf,VMware,369.46,1728974247.6975958,3509
vsphere-esxi-vcenter-server-80-performance-best-practices.pdf,"VMware, Inc.",761.06,1728974200.3409235,43208
vmware-ml-training-and-inference-perf.pdf,"Uday Kurkure, Lan Vu, Hari Sivaraman,",1621.27,1728970726.658719,3442
ml-vsphere8-tanzu-naie-perf.pdf,"Lan Vu, Hari Sivaraman, VMware",2197.99,1728970758.7564297,223
